{"loss": [0.3744618892669678], "valid_loss": [0.31921839714050293]}